colonia,Calle,# de casa,Código postal,Unnamed: 4,Coordenadas,Latitud,Longitud
FRACC REAL DEL BOSQUE,BERROCAL,449,45130,zapopan,"(20.7461139, -103.3969141)",20.7461139,-103.3969141
VILLA FONTANA DIAMANTE,FUENTE BRILLANT,1730,45200,zapopan,"(20.7737514, -103.4720222)",20.7737514,-103.4720222
EL BRISE#O,CONSTELACION,7,45236,zapopan,"(20.62282009, -103.43778093)",20.62282009,-103.43778093
EL BATAN,ALCALDE,288,45190,zapopan,"(20.721075, -103.345678)",20.721075,-103.345678
LA AURORA,SALVADOR LOPEZ,1750,44790,Guadalajara,"(20.6494585, -103.3388108)",20.6494585,-103.3388108
FRACC REAL DEL BOSQUE,CALLE CAMPO REA,371,45130,zapopan,"(20.64835492, -103.43806908)",20.64835492,-103.43806908
VISTA HERMOSA,AV VISTA HERMO,3763,45189,zapopan,"(20.7616693, -103.3347796)",20.7616693,-103.3347796
UNIDAD JARDINES SEAT,JARDINES DE LOS,1233,45180,zapopan,"(20.748018, -103.3731032)",20.748018,-103.3731032
MESA COLORADA PTE,NABO,543,45189,zapopan,"(20.763, -103.34626)",20.763,-103.34626
JARDINES DE LA CRUZ,REYES CATOLICOS,2151,44950,Guadalajara,"(20.6484926, -103.3785224)",20.6484926,-103.3785224
HUENTITAN EL BAJO,VOLCAN VIRGEN,182,44250,Guadalajara,"(20.7305924, -103.316844)",20.7305924,-103.316844
BOSQUES D LA CANTERA,PRIV OPALO,17,44306,Guadalajara,"(20.600206, -103.3917429)",20.600206,-103.3917429
SAN ISIDRO EJIDAL,NUEVO MEXICO,250,45147,zapopan,"(20.726598, -103.398205)",20.726598,-103.398205
LA FLORESTA DEL COLLI,BOULEVARD PUERT,26,45116,zapopan,"(20.7159591, -103.41487189)",20.7159591,-103.41487189
VISTA HERMOSA,VISTA BONITA,739,45189,zapopan,"(20.762084, -103.334313)",20.762084,-103.334313
OBLATOS,BATALLA DE IZUC,2508,44700,Guadalajara,"(20.698347, -103.288479)",20.698347,-103.288479
FRACC CUSPIDE,CAMINO AL POTRE,1200,45200,zapopan,"(20.802884, -103.4970855)",20.802884,-103.4970855
REVOLUCION SEGUNDA SECCION,REVOLUCION,51,45200,zapopan,"(20.79241785, -103.50448743)",20.79241785,-103.50448743
VALLARTA SAN JORGE,EUCLIDES,3302,44690,Guadalajara,"(20.6751303, -103.3983219)",20.6751303,-103.3983219
PARAISOS DEL COLLY,GALEANA,1068,45069,zapopan,"(20.6508438, -103.4542078)",20.6508438,-103.4542078
RNDA DE PAZ,ALBANILES,543,44860,Guadalajara,"(20.64808, -103.307708)",20.64808,-103.307708
OBLATOS PONIENTE,HACIENDA DE TAL,2191,44700,Guadalajara,"(20.6966362, -103.30405426)",20.6966362,-103.30405426
VALLE DE LOS MOLINOS,BERNA,75,45200,zapopan,"(20.84900714, -103.42437753)",20.84900714,-103.42437753
12 DE DICIEMBRE,TRUENO,260,45068,zapopan,"(20.6491888, -103.457067)",20.6491888,-103.457067
LINDAVISTA,ALLENDE,216,45169,zapopan,"(20.721194, -103.3988204)",20.721194,-103.3988204
OBLATOS PONIENTE,JUAN PABLO II,3165,44700,Guadalajara,"(20.69490083, -103.3034431)",20.69490083,-103.3034431
BUGAMBILIAS,PASEO DE LA VIC,4952,45238,zapopan,"(20.59412195, -103.469355)",20.59412195,-103.469355
INDEPENDENCIA PTE,ROGELIO BACON,1676,44290,Guadalajara,"(20.7036, -103.3334499)",20.7036,-103.3334499
SAN ANDRES,CALLE B,165,44810,Guadalajara,"(20.66095409, -103.2966265)",20.66095409,-103.2966265
ARTESANOS,INDEPENDENCIA,919,44200,Guadalajara,"(20.678064, -103.356838)",20.678064,-103.356838
OBREROS D L CONSTRUC,ABEDUL,274,44900,Guadalajara,"(20.6545689, -103.3645921)",20.6545689,-103.3645921
PANORAMICA HUENTITAN,CALZADA,4500,44259,Guadalajara,"(20.73838025, -103.31168078)",20.73838025,-103.31168078
GENERAL REAL,MARCONI,17,44400,Guadalajara,"(20.6682228, -103.3242311)",20.6682228,-103.3242311
MIRAVALLE II,PEDRO PATINO,643,44990,Guadalajara,"(20.6069021, -103.3496879)",20.6069021,-103.3496879
DIVISION DEL NORTE,BENEDICTO LOPEZ,399,44230,Guadalajara,"(20.7236763, -103.3371782)",20.7236763,-103.3371782
BALCONES DE OBLATOS,HACIENDA DEL CA,2275,44720,Guadalajara,"(20.68501033, -103.29072903)",20.68501033,-103.29072903
PRADOS  GUADALUPE,G ROSSINI,428,45030,zapopan,"(20.6686337, -103.4349976)",20.6686337,-103.4349976
MORELOS,CISNE,1332,44910,Guadalajara,"(20.6543829, -103.359092)",20.6543829,-103.359092
U H LAZARO CARDENAS,OTHON BLANCO CA,4087,44490,Guadalajara,"(20.6213652, -103.3783249)",20.6213652,-103.3783249
MIRAVALLE II,HERMENEGILDO BU,4308,44990,Guadalajara,"(20.6127044, -103.3450677)",20.6127044,-103.3450677
LOS ROBLES,CALLE LOS ROBLE,395,45134,zapopan,"(20.750918, -103.42080655)",20.750918,-103.42080655
SAN JUAN BOSCO,FELIX BERNARDEL,428,44730,Guadalajara,"(20.66424391, -103.30326587)",20.66424391,-103.30326587
CIUDAD GRANJA,CALZ DE LOS LA,164,45010,zapopan,"(20.6849754, -103.4518055)",20.6849754,-103.4518055
BALCONES DE OBLATOS,ROSA RODRIGUEZ,3876,44720,Guadalajara,"(20.6952319, -103.2769238)",20.6952319,-103.2769238
BOSQUES D LA CANTERA,PRIV OPALO,17,44306,Guadalajara,"(20.600206, -103.3917429)",20.600206,-103.3917429
BARRANQUITAS,PINO SUAREZ,879,44270,Guadalajara,"(20.6901934, -103.346581)",20.6901934,-103.346581
COPALITA,AV AMARANTO,175,45200,zapopan,"(20.80876206, -103.45177613)",20.80876206,-103.45177613
MESA COLORADA PTE,ANAHUAC,52,45189,zapopan,"(20.7593548, -103.3370537)",20.7593548,-103.3370537
BOSQUES D L VICTORIA,PENINSULA,2713,44540,Guadalajara,"(20.6458589, -103.3923679)",20.6458589,-103.3923679
RESIDENC LA ESTANCIA,WOLFANG AMADEUS,5552,45030,zapopan,"(20.6731122, -103.431709)",20.6731122,-103.431709
GARIBAY,DAMASCO,785,44750,Guadalajara,"(20.6735769, -103.2949879)",20.6735769,-103.2949879
VIGIA I,HERRADURA,242,45140,zapopan,"(20.7327233, -103.3938158)",20.7327233,-103.3938158
EL COLLY URBANO I,VOLCAN VESUBIO,2321,45070,zapopan,"(20.6413426, -103.4276583)",20.6413426,-103.4276583
MARAVILLA,MESA DEL NORTE,1272,44700,Guadalajara,"(20.6996615, -103.3042162)",20.6996615,-103.3042162
LOMAS DE MIRAMAR,PUERTO TAMPICO,80,45060,zapopan,"(20.640018, -103.448292)",20.640018,-103.448292
OBLATOS PONIENTE,HACIENDA LA PUR,2415,44700,Guadalajara,"(20.68863467, -103.29409087)",20.68863467,-103.29409087
RINCONADA DE HUENTITAN,JUAN CARRASCO,5234,44250,Guadalajara,"(20.7334639, -103.3219648)",20.7334639,-103.3219648
DEL FRESNO,CIPRES,1738,44900,Guadalajara,"(20.6579289, -103.3661019)",20.6579289,-103.3661019
SANTA ROSA,MELQUIADES CAMP,2289,44700,Guadalajara,"(20.702616, -103.287933)",20.702616,-103.287933
LA PALMITA,MANUEL GONZALEZ,518,45180,zapopan,"(20.7300639, -103.358865)",20.7300639,-103.358865
TETLAN,JOSE RAMOS,4342,44820,Guadalajara,"(20.6609958, -103.2714154)",20.6609958,-103.2714154
VICENTE GUERRERO,C CEDROS,15,45134,zapopan,"(20.76620138, -103.44005896)",20.76620138,-103.44005896
INF LA TUZANIA,AND OYAMELES,1124,45138,zapopan,"(20.7370922, -103.4154143)",20.7370922,-103.4154143
LOMAS DEL PARADERO,LUIS QUINTANAR,746,44840,Guadalajara,"(20.650031, -103.3199848)",20.650031,-103.3199848
RESIDENCIAL TESISTAN,PARQUE MEXICANO,150,45200,zapopan,"(20.79726176, -103.46569056)",20.79726176,-103.46569056
COUNTRY CLUB,AV JORGE ALVARE,1535,44610,Guadalajara,"(20.7037391, -103.3652489)",20.7037391,-103.3652489
REAL DE TESISTAN,PASEO DE LA ARB,176,45200,zapopan,"(20.78520695, -103.47614185)",20.78520695,-103.47614185
U. H. BENITO JUAREZ II,CREDITO,4049,44770,Guadalajara,"(20.6661078, -103.2755658)",20.6661078,-103.2755658
RINCONADA DL AUDITOR,ALBERTO CINTA,39,45180,zapopan,"(20.7367901, -103.3424097)",20.7367901,-103.3424097
SANTA ANA TEPETITLAN,HIDALGO,35,45230,zapopan,"(20.6208991, -103.456008)",20.6208991,-103.456008
COLINAS DE ATEMAJAC,AV AURELIO ORTE,1176,45170,zapopan,"(20.7213469, -103.3671295)",20.7213469,-103.3671295
EL MIRADOR,EMILIANO ZAPATA,780,44370,Guadalajara,"(20.684788, -103.3233951)",20.684788,-103.3233951
INDIGENA D MEZQUITAN,18 DE MARZO,409,45190,zapopan,"(20.738673, -103.331924)",20.738673,-103.331924
FRACC CUSPIDE,SAN MATEO 1155,27,45200,zapopan,"(20.800514, -103.471556)",20.800514,-103.471556
AMERICANA,MEXICALLTZINGO,1944,44160,Guadalajara,"(20.668444, -103.3673828)",20.668444,-103.3673828
FRACC MIRADOR D SN I,AV INDUSTRIA TE,2030,45133,zapopan,"(20.7620182, -103.38813782)",20.7620182,-103.38813782
EL CENTINELA 2,HIDALGO,310,45187,zapopan,"(20.758003, -103.380373)",20.758003,-103.380373
AGRICOLA,DALIA,138,45236,zapopan,"(20.6165614, -103.4310802)",20.6165614,-103.4310802
JARDINES DE STA ISAB,COMBATE DE SACR,228,44300,Guadalajara,"(20.716095, -103.314819)",20.716095,-103.314819
REAL DE TESISTAN,PRIVADA EMILIAN,28,45200,zapopan,"(20.79364007, -103.4744717)",20.79364007,-103.4744717
LA PERLA,PEDRO LANDAZURI,733,44360,Guadalajara,"(20.682905, -103.33238)",20.682905,-103.33238
CONJ LOMAS ALTAS,PASEO DEL ARCO,4098,45128,zapopan,"(20.6859952, -103.4110242)",20.6859952,-103.4110242
LA HACIENDITA,SAN MARTIN,2341,45230,zapopan,"(20.6139723, -103.4511535)",20.6139723,-103.4511535
MARAVILLA,HACIENDA DE GUA,1124,44700,Guadalajara,"(20.7016579, -103.306797)",20.7016579,-103.306797
VILLA FONTANA DIAMANTE,ARENISCA,1896,45200,zapopan,"(20.77988405, -103.47172117)",20.77988405,-103.47172117
BOSQUES D L VICTORIA,FAUNA,2765,44540,Guadalajara,"(20.644029, -103.388121)",20.644029,-103.388121
LA CAMPESINA,JOSE MARIA SARM,1488,44769,Guadalajara,"(20.68233155, -103.26866869)",20.68233155,-103.26866869
GUADALUPANA,CELEDONIO PADIL,2162,44220,Guadalajara,"(20.7099819, -103.355384)",20.7099819,-103.355384
BENITO JUAREZ,ADOLFO LOPEZ MA,4754,45199,zapopan,"(20.79533048, -103.5005241)",20.79533048,-103.5005241
OBLATOS,AV JUAN PABLO L,3165,44700,Guadalajara,"(20.6998021, -103.291066)",20.6998021,-103.291066
JARDINES DEL COUNTRY,ENRIQUE DIAZ DE,2336,44210,Guadalajara,"(20.70909855, -103.36048462)",20.70909855,-103.36048462
LADRON DE GUEVARA,FRAY LUIS DE PA,443,44600,Guadalajara,"(20.6842089, -103.379311)",20.6842089,-103.379311
OBLATOS PONIENTE,HDA LAS CRUCES,2158,44700,Guadalajara,"(20.69361, -103.2988478)",20.69361,-103.2988478
EL CARMEN,FRANCISCO MARCO,2616,44980,Guadalajara,"(20.6231889, -103.3850919)",20.6231889,-103.3850919
LA ESTRADA,HIDALAGO,6,45200,zapopan,"(20.79264101, -103.47565388)",20.79264101,-103.47565388
MIRAMAR,BAHIA MAGDALENA,5,45060,zapopan,"(20.6407449, -103.4490608)",20.6407449,-103.4490608
U H ATLAS,RIO VOLGA,1386,44870,Guadalajara,"(20.6505549, -103.330706)",20.6505549,-103.330706
JARDINES DE LA CRUZ,AV ISALA RAZA,2460,44950,Guadalajara,"(20.63484412, -103.39117792)",20.63484412,-103.39117792
VILLA FONTANA DIAMANTE,AV LAS TORRES,1896,45200,zapopan,"(20.77988405, -103.47172117)",20.77988405,-103.47172117
SAN JUAN DE OCOTAN,MIGUEL MIRAMON,13,45019,zapopan,"(20.764462, -103.452206)",20.764462,-103.452206
18 DE MARZO,NATIVIDAD MACIA,1326,44960,Guadalajara,"(20.6332169, -103.3695316)",20.6332169,-103.3695316
FRACC JARDINES DE BELEN,TORONJA,41,45200,zapopan,"(20.8124, -103.4826)",20.8124,-103.4826
SANTA MARIA,SAN MATEO,1407,44350,Guadalajara,"(20.6879689, -103.3157451)",20.6879689,-103.3157451
18 DE MARZO,FAJA DE ORO,1783,44960,Guadalajara,"(20.6350123, -103.3779206)",20.6350123,-103.3779206
DIVISION DEL NORTE,TERUEL,3693,44230,Guadalajara,"(20.721705, -103.3379679)",20.721705,-103.3379679
JARDINES DE LA CRUZ,ISLA MADAGASCAR,3111,44950,Guadalajara,"(20.63864, -103.386237)",20.63864,-103.386237
VILLA FONTANA DIAMANTE,FUENTE GRAFITO,8884,45200,zapopan,"(20.7790622, -103.47385795)",20.7790622,-103.47385795
PRADOS TEPEYAC,PRADO DE LAS RO,308,45050,zapopan,"(20.65714869, -103.41220962)",20.65714869,-103.41220962
ALTAMIRA,AV AMERICA,580,45160,zapopan,"(20.71484895, -103.38770096)",20.71484895,-103.38770096
VICTOR HUGO,PRIVADA COLON,150,45190,zapopan,"(20.7211, -103.3541)",20.7211,-103.3541
COLLY SITIO,ROMANA,6570,45036,zapopan,"(20.65405268, -103.43991018)",20.65405268,-103.43991018
CONDOMINIO MALAGA,AV CENTRAL,1351,45117,zapopan,"(20.6937778, -103.4324128)",20.6937778,-103.4324128
JARDINES DE LOS POET,JOSE FERNANDEZ,3365,44820,Guadalajara,"(20.6484961, -103.29001645)",20.6484961,-103.29001645
U H EL ZALATE,JOSE FERNANDEZ,1123,44760,Guadalajara,"(20.6790637, -103.2732273)",20.6790637,-103.2732273
LA AURORA,JARDINES DE BAB,20,44790,Guadalajara,"(20.663892, -103.278645)",20.663892,-103.278645
PRADOS TEPEYAC,PRADO DE LAS GA,4468,45050,zapopan,"(20.654827, -103.413214)",20.654827,-103.413214
RESIDENCIAL TESISTAN,AV SAN MATEO,1115,45200,zapopan,"(20.7943479, -103.4683674)",20.7943479,-103.4683674
LADRON DE GUEVARA,AVENIDA AMERICA,620,44600,Guadalajara,"(20.6874428, -103.3731335)",20.6874428,-103.3731335
MESA DE LOS OCOTES,PASEO DE LOS PI,3153,45189,zapopan,"(20.761889, -103.347178)",20.761889,-103.347178
RANCHO NUEVO,CELERINO NAVARR,4135,44240,zapopan,"(20.717712, -103.32276)",20.717712,-103.32276
LA FLORIDA,FLORAL,15,45234,zapopan,"(20.5997014, -103.4273219)",20.5997014,-103.4273219
EL FORTIN,ALAMO,1359,45066,zapopan,"(20.6469306, -103.4548918)",20.6469306,-103.4548918
LOMAS DE POLANCO,RAMON ALCORTA,1597,44960,Guadalajara,"(20.6305508, -103.3684773)",20.6305508,-103.3684773
SAN ANDRES,GOMEZ FARIAS,2319,44810,Guadalajara,"(20.66032405, -103.2988143)",20.66032405,-103.2988143
CANTARRANAS,MIGUEL BERNAL,3327,44829,Guadalajara,"(20.65865637, -103.2906591)",20.65865637,-103.2906591
EL HUMEDO,RIO ACAPONETA,2,45200,zapopan,"(20.79223045, -103.49079055)",20.79223045,-103.49079055
BARRIO ANALCO,ABASOLO,147,44450,Guadalajara,"(20.67168319, -103.33956176)",20.67168319,-103.33956176
VILLA VICENTE GUERRE,ISLA USTICA,3318,44860,Guadalajara,"(20.632482, -103.395812)",20.632482,-103.395812
JARDINES D NVO MEXIC,SEXTA PTE,535,45138,zapopan,"(20.7619118, -103.4387018)",20.7619118,-103.4387018
UNIDAD BELISARIO DOM,JOSE LUIS MORA,1212,44329,Guadalajara,"(20.6848539, -103.321828)",20.6848539,-103.321828
EL ZAPOTE,TEZOZOMOC,4357,45050,zapopan,"(20.6546574, -103.4153864)",20.6546574,-103.4153864
ALTAMIRA,AV AMERICA,580,45160,zapopan,"(20.71484895, -103.38770096)",20.71484895,-103.38770096
EL CENTRO,JUAREZ,400,44100,Guadalajara,"(20.6751683, -103.348691)",20.6751683,-103.348691
SAN VICENTE,PUERTO SOTO LA,2280,44330,Guadalajara,"(20.7045566, -103.314453)",20.7045566,-103.314453
VALENTIN GOMEZ FARIA,JUAN DE DIOS CO,12,44977,Guadalajara,"(20.6166636, -103.36543282)",20.6166636,-103.36543282
SAN ANDRES,AVELINO M PRESA,3335,44810,Guadalajara,"(20.661081, -103.2907359)",20.661081,-103.2907359
COLINAS DEL REY,AV TORREMOLINOS,3500,45130,zapopan,"(20.752913, -103.40735)",20.752913,-103.40735
LAS AGUILAS,RIO TOMATLAN,800,45080,zapopan,"(20.625904, -103.407993)",20.625904,-103.407993
AGRICOLA,OBELISCO,138,45236,zapopan,"(20.616065, -103.432436)",20.616065,-103.432436
TABACHINES,PASEO DE LOS AV,3101,45188,zapopan,"(20.74001503, -103.36295622)",20.74001503,-103.36295622
SAN RAFAEL,CARLOS GONZALEZ,280,44810,Guadalajara,"(20.6571099, -103.2966291)",20.6571099,-103.2966291
DIVISION DL NTE ZAP,FRANCISCO VILLA,27,45180,zapopan,"(20.73240707, -103.35364459)",20.73240707,-103.35364459
HOGARES D NVO MEXICO,AV AVIACION,36,45138,zapopan,"(20.73612975, -103.45006675)",20.73612975,-103.45006675
LA MARTINICA,PASEO DE LOS AL,79,45185,zapopan,"(20.7486661, -103.3692287)",20.7486661,-103.3692287
PASEOS DEL BRISE#O,PASEOS DE LOS I,1,45236,zapopan,"(20.618144, -103.434739)",20.618144,-103.434739
MORELOS,PELICANO,1272,44910,Guadalajara,"(20.6506979, -103.360933)",20.6506979,-103.360933
JARDINES  DEL BOSQUE,PLACERES,806,44520,zapopan,"(20.6650289, -103.3922401)",20.6650289,-103.3922401
LOMAS DEL GALLO,FERNANDO SOLIS,1338,44760,Guadalajara,"(20.67890219, -103.27083555)",20.67890219,-103.27083555
5 DE MAYO,RAMON MARQUEZ,362,44970,Guadalajara,"(20.6248619, -103.3530199)",20.6248619,-103.3530199
EL BRISE?,PASEO DE LA MAT,200,45236,zapopan,"(20.62495613, -103.44025421)",20.62495613,-103.44025421
